,sample,spot,cage,sample_id,Apo_Sym,Date_Deployed,Date_Collected,Notes,Present_in_lab
152,183,A1,D1,D1-A1-183,?,,2023.10.10,,
56,68,A2,D1,D1-A2-68,?,,2023.10.10,,
8,8,A3,D1,D1-A3-8,APO,2023.06.21,2023.10.10,,
108,131,A4,D1,D1-A4-131,APO,2023.06.23,2023.10.10,,
188,226,B1,D1,D1-B1-226,APO,2023.06.21,2023.10.10,,
2,2,B2,D1,D1-B2-2,APO,2023.06.21,2023.10.10,,
78,94,B3,D1,D1-B3-94,APO,2023.06.21,2023.10.10,,
28,32,B4,D1,D1-B4-32,APO,2023.06.23,2023.10.10,,
175,209,C1,D1,D1-C1-209,SYM,2023.06.21,2023.10.10,,
153,184,C2,D1,D1-C2-184,SYM,2023.06.21,2023.10.10,,
94,114,C3,D1,D1-C3-114,SYM,2023.06.21,2023.10.10,,
185,222,C4,D1,D1-C4-222,SYM,2023.06.23,2023.10.10,,
172,206,D1,D1,D1-D1-206,SYM,2023.06.21,2023.10.10,,
45,54,D2,D1,D1-D2-54,SYM,2023.06.21,2023.10.10,,
79,95,D3,D1,D1-D3-95,SYM,2023.06.21,2023.10.10,,
197,NA,D4,D1,D1-D4-NA,NA,NA,NA,NA,
65,79,A1,D2,D2-A1-79,APO,2023.06.21,2023.10.10,,
187,225,A2,D2,D2-A2-225,APO,2023.06.21,2023.10.10,,
157,188,A3,D2,D2-A3-188,APO,2023.06.21,2023.10.10,,
115,139,A4,D2,D2-A4-139,APO,2023.06.23,2023.10.10,,
76,91,B1,D2,D2-B1-91,APO,2023.06.21,2023.10.10,,
26,30,B2,D2,D2-B2-30,APO,2023.06.21,2023.10.10,,
86,103,B3,D2,D2-B3-103,APO,2023.06.21,2023.10.10,,
84,100,B4,D2,D2-B4-100,APO,2023.06.23,2023.10.10,,
31,36,C1,D2,D2-C1-36,SYM,2023.06.21,2023.10.10,,
15,15,C2,D2,D2-C2-15,SYM,2023.06.21,2023.10.10,,
107,128,C3,D2,D2-C3-128,SYM,2023.06.21,2023.10.10,,
119,145,C4,D2,D2-C4-145,SYM,2023.06.21,2023.10.10,,
164,196,D1,D2,D2-D1-196,SYM,2023.06.21,2023.10.10,,
162,194,D2,D2,D2-D2-194,SYM,2023.06.23,2023.10.10,,
21,23,D3,D2,D2-D3-23,SYM,2023.06.21,2023.10.10,,
5,5,D4,D2,D2-D4-5,SYM,2023.06.23,2023.10.10,,
133,161,A1,D4,D4-A1-161,APO,2023.06.21,2023.10.10,,
49,60,A2,D4,D4-A2-60,APO,2023.06.21,2023.10.10,,
10,10,A3,D4,D4-A3-10,APO,2023.06.21,NA,,
135,163,A4,D4,D4-A4-163,APO,2023.06.21,2023.10.10,,
113,137,B1,D4,D4-B1-137,APO,2023.06.23,2023.10.10,,
58,71,B2,D4,D4-B2-71,APO,2023.06.23,NA,,
179,214,B3,D4,D4-B3-214,APO,2023.06.21,2023.10.10,,
57,70,B4,D4,D4-B4-70,APO,2023.06.21,2023.10.10,,
54,65,C1,D4,D4-C1-65,SYM,2023.06.21,2023.10.10,,
1,1,C2,D4,D4-C2-1,SYM,2023.06.21,2023.10.10,,
154,185,C3,D4,D4-C3-185,SYM,2023.06.21,2023.10.10,,
93,110,C4,D4,D4-C4-110,SYM,2023.06.23,2023.10.10,,
102,123,D1,D4,D4-D1-123,SYM,2023.06.21,2023.10.10,,
173,207,D2,D4,D4-D2-207,SYM,2023.06.21,2023.10.10,,
98,119,D3,D4,D4-D3-119,SYM,2023.06.21,2023.10.10,,
75,90,D4,D4,D4-D4-90,SYM,2023.06.23,2023.10.10,,
32,39,A1,D5,D5-A1-39,APO,2023.06.21,2023.10.10,,
137,167,A2,D5,D5-A2-167,APO,2023.06.21,2023.10.10,,
149,180,A3,D5,D5-A3-180,APO,2023.06.21,2023.10.10,,
166,199,A4,D5,D5-A4-199,APO,2023.06.23,2023.10.10,,
91,108,B1,D5,D5-B1-108,APO,2023.06.21,2023.10.10,,
11,11,B2,D5,D5-B2-11,APO,2023.06.21,2023.10.10,,
53,64,B3,D5,D5-B3-64,APO,2023.06.21,2023.10.10,,
44,53,B4,D5,D5-B4-53,APO,2023.06.23,2023.10.10,,
7,7,C1,D5,D5-C1-7,SYM,2023.06.21,2023.10.10,,
100,121,C2,D5,D5-C2-121,SYM,2023.06.21,2023.10.10,,
138,168,C3,D5,D5-C3-168,SYM,2023.06.21,2023.10.10,,
181,217,C4,D5,D5-C4-217,SYM,2023.06.23,2023.10.10,,
112,136,D1,D5,D5-D1-136,SYM,2023.06.21,2023.10.10,,
72,87,D2,D5,D5-D2-87,SYM,2023.06.21,2023.10.10,,
136,166,D3,D5,D5-D3-166,SYM,2023.06.21,2023.10.10,,
195,NA,D4,D5,D5-D4-NA,NA,NA,NA,NA,
145,176,A1,G1,G1-A1-176,APO,2023.06.21,2023.10.09,,
103,124,A2,G1,G1-A2-124,APO,2023.06.21,2023.10.09,,
159,190,A3,G1,G1-A3-190,APO,2023.06.21,2023.10.09,,
105,126,A4,G1,G1-A4-126,APO,2023.06.21,2023.10.09,,
24,26,B1,G1,G1-B1-26,APO,2023.06.21,2023.10.09,,
125,152,B2,G1,G1-B2-152,APO,2023.06.21,2023.10.09,,
22,24,B3,G1,G1-B3-24,APO,2023.06.23,2023.10.09,,
140,170,B4,G1,G1-B4-170,APO,2023.06.23,2023.10.09,,
97,118,C1,G1,G1-C1-118,SYM,2023.06.23,2023.10.09,,
42,50,C2,G1,G1-C2-50,SYM,2023.06.21,2023.10.09,,
104,125,C3,G1,G1-C3-125,SYM,2023.06.21,2023.10.09,,
191,231,C4,G1,G1-C4-231,SYM,2023.06.21,2023.10.09,,
20,22,D1,G1,G1-D1-22,SYM,2023.06.21,2023.10.09,,
13,13,D2,G1,G1-D2-13,SYM,2023.06.21,2023.10.09,,
68,82,D3,G1,G1-D3-82,SYM,2023.06.21,2023.10.09,,
64,78,D4,G1,G1-D4-78,SYM,2023.06.21,2023.10.09,,
189,227,A1,G2,G2-A1-227,APO,2023.06.21,2023.10.09,,
60,73,A2,G2,G2-A2-73,APO,2023.06.21,2023.10.09,,
167,200,A3,G2,G2-A3-200,APO,2023.06.21,2023.10.09,,
161,193,A4,G2,G2-A4-193,APO,2023.06.21,2023.10.09,,
89,106,B1,G2,G2-B1-106,APO,2023.06.23,2023.10.09,,
126,153,B2,G2,G2-B2-153,APO,2023.06.21,2023.10.09,,
92,109,B3,G2,G2-B3-109,APO,2023.06.21,2023.10.09,,
169,202,B4,G2,G2-B4-202,APO,2023.06.23,2023.10.09,,
70,84,C1,G2,G2-C1-84,SYM,2023.06.21,2023.10.09,,
130,157,C2,G2,G2-C2-157,SYM,2023.06.21,2023.10.09,,
142,172,C3,G2,G2-C3-172,SYM,2023.06.21,2023.10.09,,
48,57,C4,G2,G2-C4-57,SYM,2023.06.21,2023.10.09,,
194,NA,D1,G2,G2-D1-NA,NA,NA,NA,NA,
170,203,D2,G2,G2-D2-203,SYM,2023.06.21,2023.10.09,,
146,177,D3,G2,G2-D3-177,SYM,2023.06.21,2023.10.09,,
30,34,D4,G2,G2-D4-34,SYM,2023.06.21,2023.10.09,,
127,154,A1,G4,G4-A1-154,APO,2023.06.21,2023.10.09,,
39,46,A2,G4,G4-A2-46,APO,2023.06.21,NA,,
180,216,A3,G4,G4-A3-216,APO,2023.06.21,2023.10.09,,
124,151,A4,G4,G4-A4-151,APO,2023.06.21,2023.10.09,,
17,17,B1,G4,G4-B1-17,APO,2023.06.21,2023.10.09,,
192,232,B2,G4,G4-B2-232,APO,2023.06.21,2023.10.09,,
128,155,B3,G4,G4-B3-155,APO,2023.06.23,2023.10.09,,
12,12,B4,G4,G4-B4-12,APO,2023.06.23,2023.10.09,,
134,162,C1,G4,G4-C1-162,SYM,2023.06.21,2023.10.09,,
35,42,C2,G4,G4-C2-42,SYM,2023.06.21,2023.10.09,,
59,72,C3,G4,G4-C3-72,SYM,2023.06.21,2023.10.09,,
111,134,C4,G4,G4-C4-134,SYM,2023.06.23,2023.10.09,,
6,6,D1,G4,G4-D1-6,SYM,2023.06.21,2023.10.09,,
158,189,D2,G4,G4-D2-189,SYM,2023.06.21,2023.10.09,,
114,138,D3,G4,G4-D3-138,SYM,2023.06.21,2023.10.09,,
33,40,D4,G4,G4-D4-40,SYM,2023.06.23,2023.10.09,,
90,107,A1,G5,G5-A1-107,APO,2023.06.23,2023.10.09,,
183,220,A2,G5,G5-A2-220,APO,2023.06.23,2023.10.09,,
96,117,A3,G5,G5-A3-117,APO,2023.06.21,2023.10.09,,
14,14,A4,G5,G5-A4-14,APO,2023.06.21,2023.10.09,,
106,127,B1,G5,G5-B1-127,APO,2023.06.21,2023.10.09,,
155,186,B2,G5,G5-B2-186,APO,2023.06.21,2023.10.09,,
19,19,B3,G5,G5-B3-19,APO,2023.06.21,2023.10.09,,
55,67,B4,G5,G5-B4-67,APO,2023.06.21,2023.10.09,,
41,49,C1,G5,G5-C1-49,SYM,2023.06.21,2023.10.09,,
184,221,C2,G5,G5-C2-221,SYM,2023.06.21,2023.10.09,,
47,56,C3,G5,G5-C3-56,SYM,2023.06.21,2023.10.09,,
34,41,C4,G5,G5-C4-41,SYM,2023.06.21,2023.10.09,,
83,99,D1,G5,G5-D1-99,SYM,2023.06.21,2023.10.09,,
29,33,D2,G5,G5-D2-33,SYM,2023.06.21,2023.10.09,,
23,25,D3,G5,G5-D3-25,SYM,2023.06.21,2023.10.09,,
196,NA,D4,G5,G5-D4-NA,NA,NA,NA,NA,
16,16,NA,NA,NA,APO,2023.06.21,NA,LOST,
62,75,NA,NA,NA,APO,2023.06.23,NA,LOST,
63,77,NA,NA,NA,APO,2023.06.23,NA,LOST,
66,80,NA,NA,NA,APO,2023.06.21,NA,LOST,
77,92,NA,NA,NA,APO,2023.06.21,NA,LOST,
74,89,A1,S1,S1-A1-89,APO,2023.06.21,2023.10.09,,
25,29,A2,S1,S1-A2-29,?,,2023.10.09,,
176,210,A3,S1,S1-A3-210,APO,2023.06.21,2023.10.09,,
95,116,A4,S1,S1-A4-116,APO,2023.06.23,2023.10.09,,
9,9,B1,S1,S1-B1-9,APO,2023.06.21,2023.10.09,,
186,224,B2,S1,S1-B2-224,APO,2023.06.21,2023.10.09,,
18,18,B3,S1,S1-B3-18,APO,2023.06.21,2023.10.09,,
174,208,B4,S1,S1-B4-208,APO,2023.06.23,2023.10.09,,
143,173,C1,S1,S1-C1-173,SYM,2023.06.21,2023.10.09,,
193,233,C2,S1,S1-C2-233,SYM,2023.06.21,2023.10.09,,
120,146,C3,S1,S1-C3-146,SYM,2023.06.21,2023.10.09,,
177,211,C4,S1,S1-C4-211,SYM,2023.06.23,2023.10.09,,
50,61,D1,S1,S1-D1-61,SYM,2023.06.21,2023.10.09,,
80,96,D2,S1,S1-D2-96,SYM,2023.06.21,2023.10.09,,
182,219,D3,S1,S1-D3-219,SYM,2023.06.21,2023.10.09,,
46,55,D4,S1,S1-D4-55,SYM,2023.06.21,2023.10.09,,
132,160,A1,S2,S2-A1-160,APO,2023.06.23,2023.10.09,,
37,44,A2,S2,S2-A2-44,APO,2023.06.23,2023.10.09,,
51,62,A3,S2,S2-A3-62,APO,2023.06.23,2023.10.09,,
190,230,A4,S2,S2-A4-230,APO,2023.06.23,2023.10.09,,
99,120,B1,S2,S2-B1-120,APO,2023.06.23,2023.10.09,,
87,104,B2,S2,S2-B2-104,APO,2023.06.23,2023.10.09,,
3,3,B3,S2,S2-B3-3,APO,2023.06.23,2023.10.09,,
147,178,B4,S2,S2-B4-178,APO,2023.06.23,2023.10.09,,
131,158,C1,S2,S2-C1-158,SYM,2023.06.21,2023.10.09,,
123,150,C2,S2,S2-C2-150,SYM,2023.06.21,2023.10.09,,
71,86,C3,S2,S2-C3-86,SYM,2023.06.21,2023.10.09,,
81,97,C4,S2,S2-C4-97,SYM,2023.06.21,2023.10.09,,
163,195,D1,S2,S2-D1-195,SYM,2023.06.21,2023.10.09,,
67,81,D2,S2,S2-D2-81,SYM,2023.06.21,2023.10.09,,
144,174,D3,S2,S2-D3-174,SYM,2023.06.21,2023.10.09,,
85,102,D4,S2,S2-D4-102,SYM,2023.06.23,2023.10.09,,
165,198,A1,S4,S4-A1-198,APO,2023.06.23,2023.10.09,,
36,43,A2,S4,S4-A2-43,APO,2023.06.21,2023.10.09,,
151,182,A3,S4,S4-A3-182,APO,2023.06.21,2023.10.09,,
43,51,A4,S4,S4-A4-51,APO,2023.06.21,2023.10.09,,
101,122,B1,S4,S4-B1-122,APO,2023.06.23,2023.10.09,,
122,149,B2,S4,S4-B2-149,APO,2023.06.21,2023.10.09,,
160,192,B3,S4,S4-B3-192,APO,2023.06.21,2023.10.09,,
121,147,B4,S4,S4-B4-147,APO,2023.06.21,2023.10.09,,
129,156,C1,S4,S4-C1-156,SYM,2023.06.23,2023.10.09,,
88,105,C2,S4,S4-C2-105,SYM,2023.06.21,2023.10.09,,
40,47,C3,S4,S4-C3-47,SYM,2023.06.21,2023.10.09,,
116,141,C4,S4,S4-C4-141,SYM,2023.06.21,2023.10.09,,
117,142,D1,S4,S4-D1-142,SYM,2023.06.21,2023.10.09,,
150,181,D2,S4,S4-D2-181,SYM,2023.06.21,2023.10.09,,
118,143,D3,S4,S4-D3-143,SYM,2023.06.21,2023.10.09,,
109,132,D4,S4,S4-D4-132,SYM,2023.06.21,2023.10.09,,
69,83,A1,S5,S5-A1-83,APO,2023.06.21,2023.10.09,,
171,204,A2,S5,S5-A2-204,APO,2023.06.21,2023.10.09,,
82,98,A3,S5,S5-A3-98,APO,2023.06.21,2023.10.09,,
27,31,A4,S5,S5-A4-31,APO,2023.06.21,2023.10.09,,
141,171,B1,S5,S5-B1-171,APO,2023.06.23,2023.10.09,,
52,63,B2,S5,S5-B2-63,APO,2023.06.21,2023.10.09,,
4,4,B3,S5,S5-B3-4,APO,2023.06.23,2023.10.09,,
110,133,B4,S5,S5-B4-133,APO,2023.06.23,2023.10.09,,
61,74,C1,S5,S5-C1-74,SYM,2023.06.23,2023.10.09,,
139,169,C2,S5,S5-C2-169,SYM,2023.06.21,2023.10.09,,
38,45,C3,S5,S5-C3-45,SYM,2023.06.21,2023.10.09,,
178,213,C4,S5,S5-C4-213,SYM,2023.06.21,2023.10.09,,
168,201,D1,S5,S5-D1-201,SYM,2023.06.21,2023.10.09,,
73,88,D2,S5,S5-D2-88,SYM,2023.06.21,2023.10.09,,
156,187,D3,S5,S5-D3-187,SYM,2023.06.21,2023.10.09,,
148,179,D4,S5,S5-D4-179,SYM,2023.06.21,2023.10.09,,